{"cameraMode":{"drawMode":0,"name":"Shaded","section":"Shading Mode"},"sceneLighting":false,"audioPlay":false,"sceneViewState":{"showFog":true,"showMaterialUpdate":true,"showSkybox":false,"showFlares":true,"showImageEffects":true,"showParticleSystems":true},"in2DMode":false,"pivot":{"x":0.002847433090209961,"y":0.18225282430648805,"z":0.1150658130645752},"rotation":{"x":0.10326055437326431,"y":0.8588110208511353,"z":0.191146120429039,"w":-0.46395009756088259},"size":0.7170431017875671,"orthographic":false}