{"cameraMode":{"drawMode":0,"name":"Shaded","section":"Shading Mode"},"sceneLighting":true,"audioPlay":false,"sceneViewState":{"showFog":true,"showMaterialUpdate":true,"showSkybox":true,"showFlares":true,"showImageEffects":true,"showParticleSystems":true},"in2DMode":false,"pivot":{"x":-11.609245300292969,"y":-5.742775917053223,"z":21.281627655029298},"rotation":{"x":-0.1832241266965866,"y":0.21771518886089326,"z":-0.0416070781648159,"w":-0.957830548286438},"size":22.989999771118165,"orthographic":false}