{"cameraMode":{"drawMode":0,"name":"Shaded","section":"Shading Mode"},"sceneLighting":false,"audioPlay":false,"sceneViewState":{"showFog":true,"showMaterialUpdate":true,"showSkybox":false,"showFlares":true,"showImageEffects":true,"showParticleSystems":true},"in2DMode":false,"pivot":{"x":0.18226289749145509,"y":-0.05027744174003601,"z":0.16534936428070069},"rotation":{"x":0.08093254268169403,"y":-0.588105320930481,"z":0.05929926782846451,"w":0.8025475144386292},"size":1.6663317680358887,"orthographic":false}