{"cameraMode":{"drawMode":0,"name":"Shaded","section":"Shading Mode"},"sceneLighting":false,"audioPlay":false,"sceneViewState":{"showFog":true,"showMaterialUpdate":true,"showSkybox":false,"showFlares":true,"showImageEffects":true,"showParticleSystems":true},"in2DMode":false,"pivot":{"x":0.0,"y":-2.452009439468384,"z":0.9999999403953552},"rotation":{"x":0.19342951476573945,"y":-0.6560088396072388,"z":0.17943613231182099,"w":0.7071473002433777},"size":8.759958267211914,"orthographic":false}